Phylum,Clade I,Clade II,Clade III,Species
Arthropoda,Crustacea,Phyllocarida,Rhinocarida,Rhinocaris_columbina
Arthropoda,Crustacea,Phyllocarida,Echinocarida,Echinocaris
Arthropoda,Trilobitomorpha,Trilobita,Phacopida,Dipleura_dekayi
Arthropoda,Trilobitomorpha,Trilobita,Phacopida,Eldredgeops_rana
Arthropoda,Trilobitomorpha,Trilobita,Phacopida,Bellacartwrightia_phyllocaudata
Arthropoda,Trilobitomorpha,Trilobita,Phacopida,Greenops_grabaui 
Arthropoda,Trilobitomorpha,Trilobita,Phacopida,Greenops_barberi
Arthropoda,Trilobitomorpha,Trilobita,Proetida,Pseudodechenella_rowi
Arthropoda,Trilobitomorpha,Trilobita,Proetida,Basidechenella_rowi
Brachiopoda,Athyridida,,,Athyris_spiriferoides
Brachiopoda,Lingulida,,,Lingula_delia
Brachiopoda,Orthida,,,Rhipidomella_leucosia
Brachiopoda,Orthida,,,Rhipidomella_penelope
Brachiopoda,Orthida,,,Tropidoleptus_carinatus
Brachiopoda,Rhychonellida,,,Eumetabolatoechia_multicostatum
Brachiopoda,Spiriferida,,,Ambocoelia_umbonata
Brachiopoda,Spiriferida,,,Mediospirifer_audaculus
Brachiopoda,Spiriferida,,,Mucrospirifer_mucronatus
Brachiopoda,Spiriferida,,,Spinocyrtia_granulosa
Brachiopoda,Strophomenida,Chonetida,,Arcuaminetes_scitulus
Brachiopoda,Strophomenida,Chonetida,,Devonochonetes_coronatus
Brachiopoda,Strophomenida,,,Megastrophia_concava
Brachiopoda,Strophomenida,,,Mesoleptostrophia_junia
Bryozoa,,,,Reptaria_stolonifera
Bryozoa,,,,Leptotrypella_furcata
Cnidaria,Anthozoa,Rugosa,Stereolasmidae,Amplexiphyllum_hamiltoniae
Cnidaria,Anthozoa,Rugosa,Stereolasmidae,Stereolasma_rectum
Cnidaria,Anthozoa,Rugosa,Stereolasmidae,Stewartophyllum_intermittens
Cnidaria,Anthozoa,Rugosa,Streptelasmidae,Streptelasma_ungula
Cnidaria,Anthozoa,Tabulata,Aulocystidae,Aulocystis_jacksoni
Cnidaria,Anthozoa,Tabulata,Aulocystidae,Aulocystis_dichotoma
Cnidaria,Anthozoa,Tabulata,Favositidae,Thamnoptychia_limbata
Cnidaria,Anthozoa,Tabulata,Favositidae,Pleurodictyum_americanum
Cnidaria,Anthozoa,Tabulata,Favositidae,Favosites_hamiltoniae
Echinodermata,Crinoidea,Camerata,,Megistocrinus_depressus
Hemichordata,Pterobranchia,Graptolithina,,Dictyonema_hamiltoniae
Incertae Sedis,Conulariida,,,Conularia_undulata
Incertae Sedis,Hyolithida,,,Hallotheca_aclis
Incertae Sedis,Hyolithida,,,Hyolithes_striatus
Mollusca,Bivalvia,Anomalodesmata,,Glossites_nuculoides
Mollusca,Bivalvia,Anomalodesmata,,Grammysioidea_arcuata
Mollusca,Bivalvia,Anomalodesmata,,Grammysioidea_alveata
Mollusca,Bivalvia,Palaeoheterodonta,,Orthonota_undulata
Mollusca,Bivalvia,Palaeoheterodonta,,Goniophora_hamiltonensis
Mollusca,Bivalvia,Palaeoheterodonta,,Modiomorpha_subalata
Mollusca,Bivalvia,Palaeoheterodonta,,Modiomorpha_mytiloides
Mollusca,Bivalvia,Palaeoheterodonta,,Modiomorpha_concentrica
Mollusca,Bivalvia,Pteriomorphia,,Ptychopteria_fasiculata
Mollusca,Bivalvia,Pteriomorphia,,Pseudoaviculopecten_princeps
Mollusca,Bivalvia,Paleotaxodonta,,Nuculoidea_corbuliformis
Mollusca,Bivalvia,Paleotaxodonta,,Tellinopsis_subemarginata
Mollusca,Gastropoda,Bellerophodontoidea,,Retispira_leda
Mollusca,Gastropoda,Loxonematoidea,,Palaeozygopleura_hamiltoniae
Mollusca,Gastropoda,Loxonematoidea,,Palaeozygopleura_delphicola
Mollusca,Gastropoda,Platyceratoidea,,Gyronema_lirata
Mollusca,Gastropoda,Platyceratoidea,,Platyceras_bucculentum
Mollusca,Gastropoda,Platyceratoidea,,Naticonema_lineata
Mollusca,Cephalopoda,Ammonoidea,,Tornoceras_uniangulare
Mollusca,Cephalopoda,Nautiloidea,,Cyrtoceras
Mollusca,Cephalopoda,Nautiloidea,,Michelinoceras_telamon
Mollusca,Cephalopoda,Nautiloidea,Spyroceratidae,Spyroceras_nuntium
Mollusca,Cephalopoda,Nautiloidea,Spyroceratidae,Dolorthoceras_exile
Plantae,Tracheophyta,Lycophyta,,Protolepidodendron